	index	player	unique_id	year_start	year_finish	position	link
0	31	David Aebischer	aebisda01	2001	2008	G	https://www.hockey-reference.com/players/a/aebisda01.html
1	49	Sami Aittokallio	aittosa01	2013	2014	G	https://www.hockey-reference.com/players/a/aittosa01.html
2	70	Jake Allen	allenja01	2013	2020	G	https://www.hockey-reference.com/players/a/allenja01.html
3	85	Jorge Alves	alvesjo01	2017	2017	G	https://www.hockey-reference.com/players/a/alvesjo01.html
4	92	Frederik Andersen	anderfr01	2014	2020	G	https://www.hockey-reference.com/players/a/anderfr01.html
5	93	Craig Anderson	andercr01	2003	2020	G	https://www.hockey-reference.com/players/a/andercr01.html
6	141	Ken Appleby	appleke01	2018	2018	G	https://www.hockey-reference.com/players/a/appleke01.html
7	187	Tom Askey	askeyto01	1998	1998	G	https://www.hockey-reference.com/players/a/askeyto01.html
8	202	Jean-Sebastien Aubin	aubinje01	1999	2008	G	https://www.hockey-reference.com/players/a/aubinje01.html
9	214	Alex Auld	auldal01	2002	2012	G	https://www.hockey-reference.com/players/a/auldal01.html
10	223	David Ayres	ayresda01	2020	2020	G	https://www.hockey-reference.com/players/a/ayresda01.html
11	235	Jason Bacashihua	bacasja01	2006	2007	G	https://www.hockey-reference.com/players/b/bacasja01.html
12	236	Ryan Bach	bachry01	1999	1999	G	https://www.hockey-reference.com/players/b/bachry01.html
13	237	Richard Bachman	bachmri01	2011	2019	G	https://www.hockey-reference.com/players/b/bachmri01.html
14	239	Johan Backlund	backljo01	2010	2010	G	https://www.hockey-reference.com/players/b/backljo01.html
15	245	Niklas Backstrom	backsni01	2007	2016	G	https://www.hockey-reference.com/players/b/backsni01.html
16	256	Scott Bailey	bailesc01	1996	1997	G	https://www.hockey-reference.com/players/b/bailesc01.html
17	269	Mike Bales	balesmi01	1993	1997	G	https://www.hockey-reference.com/players/b/balesmi01.html
18	314	Tom Barrasso	barrato01	1984	2003	G	https://www.hockey-reference.com/players/b/barrato01.html
19	376	Don Beaupre	beaupdo01	1981	1997	G	https://www.hockey-reference.com/players/b/beaupdo01.html
20	377	Stephane Beauregard	beaurst01	1990	1994	G	https://www.hockey-reference.com/players/b/beaurst01.html
21	382	Chris Beckford-Tseu	beckfch01	2008	2008	G	https://www.hockey-reference.com/players/b/beckfch01.html
22	405	Ed Belfour	belfoed01	1989	2007	G	https://www.hockey-reference.com/players/b/belfoed01.html
23	470	Jean-Claude Bergeron	bergeje01	1991	1997	G	https://www.hockey-reference.com/players/b/bergeje01.html
24	487	Adam Berkhoel	berkhad01	2006	2006	G	https://www.hockey-reference.com/players/b/berkhad01.html
25	490	Jonathan Bernier	bernijo01	2008	2020	G	https://www.hockey-reference.com/players/b/bernijo01.html
26	493	Reto Berra	berrare01	2014	2018	G	https://www.hockey-reference.com/players/b/berrare01.html
27	500	Daniel Berthiaume	berthda01	1987	1994	G	https://www.hockey-reference.com/players/b/berthda01.html
28	507	Jean-Francois Berube	berubje02	2016	2018	G	https://www.hockey-reference.com/players/b/berubje02.html
29	510	Allan Bester	besteal01	1984	1996	G	https://www.hockey-reference.com/players/b/besteal01.html
30	523	Antoine Bibeau	bibeaan01	2017	2020	G	https://www.hockey-reference.com/players/b/bibeaan01.html
31	533	Zac Bierk	bierkza01	1998	2004	G	https://www.hockey-reference.com/players/b/bierkza01.html
32	537	Craig Billington	billicr01	1986	2003	G	https://www.hockey-reference.com/players/b/billicr01.html
33	542	Jordan Binnington	binnijo01	2016	2020	G	https://www.hockey-reference.com/players/b/binnijo01.html
34	544	Martin Biron	bironma01	1996	2014	G	https://www.hockey-reference.com/players/b/bironma01.html
35	549	Ben Bishop	bishobe01	2009	2020	G	https://www.hockey-reference.com/players/b/bishobe01.html
36	564	Dan Blackburn	blackda01	2002	2003	G	https://www.hockey-reference.com/players/b/blackda01.html
37	568	Mackenzie Blackwood	blackma01	2019	2020	G	https://www.hockey-reference.com/players/b/blackma01.html
38	597	John Blue	bluejo01	1993	1996	G	https://www.hockey-reference.com/players/b/bluejo01.html
39	602	Sergei Bobrovsky	bobrose01	2011	2020	G	https://www.hockey-reference.com/players/b/bobrose01.html
40	690	Brian Boucher	bouchbr01	2000	2013	G	https://www.hockey-reference.com/players/b/bouchbr01.html
41	728	Landon Bow	bowla01	2019	2019	G	https://www.hockey-reference.com/players/b/bowla01.html
42	752	Kevin Boyle	boyleke01	2019	2019	G	https://www.hockey-reference.com/players/b/boyleke01.html
43	771	Fred Brathwaite	brathfr01	1994	2004	G	https://www.hockey-reference.com/players/b/brathfr01.html
44	811	Martin Brochu	brochma01	1999	2004	G	https://www.hockey-reference.com/players/b/brochma01.html
45	817	Martin Brodeur	brodema01	1992	2015	G	https://www.hockey-reference.com/players/b/brodema01.html
46	818	Mike Brodeur	brodemi01	2010	2011	G	https://www.hockey-reference.com/players/b/brodemi01.html
47	838	Laurent Brossoit	brossla01	2015	2020	G	https://www.hockey-reference.com/players/b/brossla01.html
48	890	Mario Brunetta	brunema01	1988	1990	G	https://www.hockey-reference.com/players/b/brunema01.html
49	894	Barry Brust	brustba01	2007	2007	G	https://www.hockey-reference.com/players/b/brustba01.html
50	900	Ilya Bryzgalov	bryzgil01	2002	2015	G	https://www.hockey-reference.com/players/b/bryzgil01.html
51	911	Peter Budaj	budajpe01	2006	2019	G	https://www.hockey-reference.com/players/b/budajpe01.html
52	922	Tyler Bunz	bunzty01	2015	2015	G	https://www.hockey-reference.com/players/b/bunzty01.html
53	936	Sean Burke	burkese01	1988	2007	G	https://www.hockey-reference.com/players/b/burkese01.html
54	1030	Jack Campbell	campbja01	2014	2020	G	https://www.hockey-reference.com/players/c/campbja01.html
55	1051	Jim Carey	careyji01	1995	1999	G	https://www.hockey-reference.com/players/c/careyji01.html
56	1074	Sebastien Caron	caronse01	2003	2012	G	https://www.hockey-reference.com/players/c/caronse01.html
57	1110	Jon Casey	caseyjo01	1984	1997	G	https://www.hockey-reference.com/players/c/caseyjo01.html
58	1116	Frederic Cassivi	cassifr01	2002	2007	G	https://www.hockey-reference.com/players/c/cassifr01.html
59	1124	Roman Cechmanek	cechmro01	2001	2004	G	https://www.hockey-reference.com/players/c/cechmro01.html
60	1127	Sebastien Centomo	centose01	2002	2002	G	https://www.hockey-reference.com/players/c/centose01.html
61	1132	Frederic Chabot	chabofr01	1991	1999	G	https://www.hockey-reference.com/players/c/chabofr01.html
62	1154	Sebastien Charpentier	charpse01	2002	2004	G	https://www.hockey-reference.com/players/c/charpse01.html
63	1173	Tim Cheveldae	cheveti01	1989	1997	G	https://www.hockey-reference.com/players/c/cheveti01.html
64	1175	Alain Chevrier	chevral01	1986	1991	G	https://www.hockey-reference.com/players/c/chevral01.html
65	1184	Andy Chiodo	chiodan01	2004	2004	G	https://www.hockey-reference.com/players/c/chiodan01.html
66	1200	Mathieu Chouinard	chouima02	2004	2004	G	https://www.hockey-reference.com/players/c/chouima02.html
67	1257	Scott Clemmensen	clemmsc01	2002	2015	G	https://www.hockey-reference.com/players/c/clemmsc01.html
68	1263	Matt Climie	climima01	2009	2011	G	https://www.hockey-reference.com/players/c/climima01.html
69	1267	Dan Cloutier	cloutda01	1998	2008	G	https://www.hockey-reference.com/players/c/cloutda01.html
70	1268	Jacques Cloutier	cloutja01	1982	1994	G	https://www.hockey-reference.com/players/c/cloutja01.html
71	1292	Gerald Coleman	colemge01	2006	2006	G	https://www.hockey-reference.com/players/c/colemge01.html
72	1311	Eric Comrie	comrier01	2017	2020	G	https://www.hockey-reference.com/players/c/comrier01.html
73	1324	Mike Condon	condomi01	2016	2019	G	https://www.hockey-reference.com/players/c/condomi01.html
74	1326	Ty Conklin	conklty01	2002	2012	G	https://www.hockey-reference.com/players/c/conklty01.html
75	1358	Pheonix Copley	copleph01	2016	2019	G	https://www.hockey-reference.com/players/c/copleph01.html
76	1365	Jared Coreau	coreaja01	2017	2018	G	https://www.hockey-reference.com/players/c/coreaja01.html
77	1410	Marcel Cousineau	cousima01	1997	2000	G	https://www.hockey-reference.com/players/c/cousima01.html
78	1423	Wayne Cowley	cowlewa01	1994	1994	G	https://www.hockey-reference.com/players/c/cowlewa01.html
79	1440	Corey Crawford	crawfco01	2006	2020	G	https://www.hockey-reference.com/players/c/crawfco01.html
80	1504	John Curry	curryjo01	2009	2015	G	https://www.hockey-reference.com/players/c/curryjo01.html
81	1518	Alessio	dalesco01	1993	1993	G	https://www.hockey-reference.com/players/d/dalesco01.html
82	1523	Joey Daccord	daccojo01	2019	2019	G	https://www.hockey-reference.com/players/d/daccojo01.html
83	1528	Byron Dafoe	dafoeby01	1993	2004	G	https://www.hockey-reference.com/players/d/dafoeby01.html
84	1555	Jean-Francois Damphousse	damphje01	2002	2002	G	https://www.hockey-reference.com/players/d/damphje01.html
85	1563	Yann Danis	danisya01	2006	2016	G	https://www.hockey-reference.com/players/d/danisya01.html
86	1565	Oscar Dansk	danskos01	2018	2020	G	https://www.hockey-reference.com/players/d/danskos01.html
87	1571	Scott Darling	darlisc01	2015	2019	G	https://www.hockey-reference.com/players/d/darlisc01.html
88	1627	Mark Dekanich	dekanma01	2011	2011	G	https://www.hockey-reference.com/players/d/dekanma01.html
89	1630	Matt DelGuidice	delguma01	1991	1992	G	https://www.hockey-reference.com/players/d/delguma01.html
90	1631	Collin Delia	deliaco01	2018	2019	G	https://www.hockey-reference.com/players/d/deliaco01.html
91	1634	Aaron Dell	dellaa01	2017	2020	G	https://www.hockey-reference.com/players/d/dellaa01.html
92	1649	Thatcher Demko	demkoth01	2018	2020	G	https://www.hockey-reference.com/players/d/demkoth01.html
93	1653	Marc Denis	denisma01	1997	2009	G	https://www.hockey-reference.com/players/d/denisma01.html
94	1661	Philippe DeRouville	derouph01	1995	1997	G	https://www.hockey-reference.com/players/d/derouph01.html
95	1669	Cedrick Desjardins	desjace01	2011	2014	G	https://www.hockey-reference.com/players/d/desjace01.html
96	1675	Jeff Deslauriers	drouije01	2009	2012	G	https://www.hockey-reference.com/players/d/drouije01.html
97	1677	Casey DeSmith	desmica01	2018	2019	G	https://www.hockey-reference.com/players/d/desmica01.html
98	1679	Patrick DesRochers	desropa01	2002	2003	G	https://www.hockey-reference.com/players/d/desropa01.html
99	1722	Michael Dipietro	dipiemi01	2019	2020	G	https://www.hockey-reference.com/players/d/dipiemi01.html
100	1724	Rick DiPietro	dipieri01	2001	2013	G	https://www.hockey-reference.com/players/d/dipieri01.html
101	1727	Reinhard Divis	divisre01	2002	2006	G	https://www.hockey-reference.com/players/d/divisre01.html
102	1745	Louis Domingue	dominlo01	2015	2020	G	https://www.hockey-reference.com/players/d/dominlo01.html
103	1759	Rob Dopson	dopsoro01	1994	1994	G	https://www.hockey-reference.com/players/d/dopsoro01.html
104	1790	Tom Draper	drapeto01	1989	1996	G	https://www.hockey-reference.com/players/d/drapeto01.html
105	1793	Chris Driedger	driedch01	2015	2020	G	https://www.hockey-reference.com/players/d/driedch01.html
106	1819	Wade Dubielewicz	dubiewa01	2004	2010	G	https://www.hockey-reference.com/players/d/dubiewa01.html
107	1822	Devan Dubnyk	dubnyde01	2010	2020	G	https://www.hockey-reference.com/players/d/dubnyde01.html
108	1826	Jeremy Duchesne	ducheje01	2010	2010	G	https://www.hockey-reference.com/players/d/ducheje01.html
109	1833	Parris Duffus	duffupa01	1997	1997	G	https://www.hockey-reference.com/players/d/duffupa01.html
110	1853	Mike Dunham	dunhami01	1997	2007	G	https://www.hockey-reference.com/players/d/dunhami01.html
111	1930	Brian Eklund	eklunbr01	2006	2006	G	https://www.hockey-reference.com/players/e/eklunbr01.html
112	1946	Brian Elliott	elliobr01	2008	2020	G	https://www.hockey-reference.com/players/e/elliobr01.html
113	1949	Dan Ellis	ellisda01	2004	2015	G	https://www.hockey-reference.com/players/e/ellisda01.html
114	1962	Ray Emery	emeryra01	2003	2015	G	https://www.hockey-reference.com/players/e/emeryra01.html
115	1980	Jhonas Enroth	enrotjh01	2010	2017	G	https://www.hockey-reference.com/players/e/enrotjh01.html
116	1985	Chad Erickson	erickch01	1992	1992	G	https://www.hockey-reference.com/players/e/erickch01.html
117	1989	Joacim Eriksson	eriksjo01	2014	2014	G	https://www.hockey-reference.com/players/e/eriksjo01.html
118	1999	Erik Ersberg	ersbeer01	2008	2010	G	https://www.hockey-reference.com/players/e/ersbeer01.html
119	2002	Robert Esche	eschero01	1999	2007	G	https://www.hockey-reference.com/players/e/eschero01.html
120	2005	Bob Essensa	essenbo01	1989	2002	G	https://www.hockey-reference.com/players/e/essenbo01.html
121	2022	Randy Exelby	exelbra01	1989	1990	G	https://www.hockey-reference.com/players/e/exelbra01.html
122	2036	Scott Fankhouser	fankhsc01	2000	2001	G	https://www.hockey-reference.com/players/f/fankhsc01.html
123	2049	Viktor Fasth	fasthvi01	2013	2015	G	https://www.hockey-reference.com/players/f/fasthvi01.html
124	2082	Dylan Ferguson	fergudy01	2018	2018	G	https://www.hockey-reference.com/players/f/fergudy01.html
125	2091	Manny Fernandez	fernama01	1995	2009	G	https://www.hockey-reference.com/players/f/fernama01.html
126	2103	Eric Fichaud	fichaer01	1996	2001	G	https://www.hockey-reference.com/players/f/fichaer01.html
127	2117	Brian Finley	finlebr01	2003	2007	G	https://www.hockey-reference.com/players/f/finlebr01.html
128	2130	Stephane Fiset	fisetst01	1990	2002	G	https://www.hockey-reference.com/players/f/fisetst01.html
129	2141	Mark Fitzpatrick	fitzpma01	1989	2000	G	https://www.hockey-reference.com/players/f/fitzpma01.html
130	2145	Wade Flaherty	flahewa01	1992	2003	G	https://www.hockey-reference.com/players/f/flahewa01.html
131	2156	Marc-Andre Fleury	fleurma01	2004	2020	G	https://www.hockey-reference.com/players/f/fleurma01.html
132	2196	Anton Forsberg	forsban01	2015	2020	G	https://www.hockey-reference.com/players/f/forsban01.html
133	2211	Brian Foster	fostebr01	2012	2012	G	https://www.hockey-reference.com/players/f/fostebr01.html
134	2216	Norm Foster	fosteno01	1991	1992	G	https://www.hockey-reference.com/players/f/fosteno01.html
135	2217	Scott Foster	fostesc01	2018	2018	G	https://www.hockey-reference.com/players/f/fostesc01.html
136	2222	Mike Fountain	fountmi01	1997	2001	G	https://www.hockey-reference.com/players/f/fountmi01.html
137	2237	Pavel Francouz	francpa01	2019	2020	G	https://www.hockey-reference.com/players/f/francpa01.html
138	2254	Jeff Frazee	frazeje01	2013	2013	G	https://www.hockey-reference.com/players/f/frazeje01.html
139	2278	Bob Froese	froesbo01	1983	1990	G	https://www.hockey-reference.com/players/f/froesbo01.html
140	2288	Grant Fuhr	fuhrgr01	1982	2000	G	https://www.hockey-reference.com/players/f/fuhrgr01.html
141	2289	Yutaka Fukufuji	fukufyu01	2007	2007	G	https://www.hockey-reference.com/players/f/fukufyu01.html
142	2290	Kaden Fulcher	fulchka01	2019	2019	G	https://www.hockey-reference.com/players/f/fulchka01.html
143	2299	Joaquin Gage	gagejo02	1995	2001	G	https://www.hockey-reference.com/players/g/gagejo02.html
144	2308	Dave Gagnon	gagnoda01	1991	1991	G	https://www.hockey-reference.com/players/g/gagnoda01.html
145	2332	Troy Gamble	gambltr01	1987	1992	G	https://www.hockey-reference.com/players/g/gambltr01.html
146	2354	Tyrone Garner	garnety01	1999	1999	G	https://www.hockey-reference.com/players/g/garnety01.html
147	2355	Michael Garnett	garnemi01	2006	2006	G	https://www.hockey-reference.com/players/g/garnemi01.html
148	2356	Mathieu Garon	garonma01	2001	2013	G	https://www.hockey-reference.com/players/g/garonma01.html
149	2389	Sean Gauthier	gauthse01	1999	1999	G	https://www.hockey-reference.com/players/g/gauthse01.html
150	2408	Alexandar Georgiev	georgal01	2018	2020	G	https://www.hockey-reference.com/players/g/georgal01.html
151	2412	Martin Gerber	gerbema01	2003	2011	G	https://www.hockey-reference.com/players/g/gerbema01.html
152	2425	Christopher Gibson	gibsoch01	2016	2019	G	https://www.hockey-reference.com/players/g/gibsoch01.html
153	2429	John Gibson	gibsojo02	2014	2020	G	https://www.hockey-reference.com/players/g/gibsojo02.html
154	2433	Jean-Sebastien Giguere	gigueje01	1997	2014	G	https://www.hockey-reference.com/players/g/gigueje01.html
155	2452	Jon Gillies	gillijo01	2017	2018	G	https://www.hockey-reference.com/players/g/gillijo01.html
156	2480	Jeff Glass	glassje01	2018	2018	G	https://www.hockey-reference.com/players/g/glassje01.html
157	2531	Scott Gordon	gordosc01	1990	1991	G	https://www.hockey-reference.com/players/g/gordosc01.html
158	2542	Mario Gosselin	gossema01	1984	1994	G	https://www.hockey-reference.com/players/g/gossema01.html
159	2555	David Goverde	goverda01	1992	1994	G	https://www.hockey-reference.com/players/g/goverda01.html
160	2570	John Grahame	grahajo01	2000	2008	G	https://www.hockey-reference.com/players/g/grahajo01.html
161	2614	Mike Greenlay	greenmi01	1990	1990	G	https://www.hockey-reference.com/players/g/greenmi01.html
162	2622	Thomas Greiss	greisth01	2008	2020	G	https://www.hockey-reference.com/players/g/greisth01.html
163	2644	Troy Grosenick	grosetr01	2015	2015	G	https://www.hockey-reference.com/players/g/grosetr01.html
164	2651	Philipp Grubauer	grubaph01	2013	2020	G	https://www.hockey-reference.com/players/g/grubaph01.html
165	2663	Kristers Gudlevskis	gudlekr01	2014	2017	G	https://www.hockey-reference.com/players/g/gudlekr01.html
166	2664	Steve Guenette	guenest01	1987	1991	G	https://www.hockey-reference.com/players/g/guenest01.html
167	2684	Derek Gustafson	gustade01	2001	2002	G	https://www.hockey-reference.com/players/g/gustade01.html
168	2690	Jonas Gustavsson	gustajo01	2010	2017	G	https://www.hockey-reference.com/players/g/gustajo01.html
169	2700	Jeff Hackett	hackeje01	1989	2004	G	https://www.hockey-reference.com/players/h/hackeje01.html
170	2701	Matt Hackett	hackema01	2012	2015	G	https://www.hockey-reference.com/players/h/hackema01.html
171	2722	Jaroslav Halak	halakja01	2007	2020	G	https://www.hockey-reference.com/players/h/halakja01.html
172	2745	Brandon Halverson	halvebr01	2018	2018	G	https://www.hockey-reference.com/players/h/halvebr01.html
173	2767	Andrew Hammond	hammoan01	2014	2018	G	https://www.hockey-reference.com/players/h/hammoan01.html
174	2783	Glen Hanlon	hanlogl01	1978	1991	G	https://www.hockey-reference.com/players/h/hanlogl01.html
175	2803	Josh Harding	hardijo01	2006	2014	G	https://www.hockey-reference.com/players/h/hardijo01.html
176	2835	Carter Hart	hartca01	2019	2020	G	https://www.hockey-reference.com/players/h/hartca01.html
177	2848	Dominik Hasek	hasekdo01	1991	2008	G	https://www.hockey-reference.com/players/h/hasekdo01.html
178	2856	Adam Hauser	hausead01	2006	2006	G	https://www.hockey-reference.com/players/h/hausead01.html
179	2878	Brian Hayward	haywabr01	1983	1993	G	https://www.hockey-reference.com/players/h/haywabr01.html
180	2887	Glenn Healy	healygl01	1986	2001	G	https://www.hockey-reference.com/players/h/healygl01.html
181	2894	Guy Hebert	hebergu01	1992	2001	G	https://www.hockey-reference.com/players/h/hebergu01.html
182	2899	Johan Hedberg	hedbejo01	2001	2013	G	https://www.hockey-reference.com/players/h/hedbejo01.html
183	2906	Cal Heeter	heeteca01	2014	2014	G	https://www.hockey-reference.com/players/h/heeteca01.html
184	2925	Riku Helenius	helenri01	2009	2009	G	https://www.hockey-reference.com/players/h/helenri01.html
185	2928	Magnus Hellberg	hellbma01	2014	2017	G	https://www.hockey-reference.com/players/h/hellbma01.html
186	2929	Connor Hellebuyck	helleco01	2016	2020	G	https://www.hockey-reference.com/players/h/helleco01.html
187	2984	Ron Hextall	hextaro01	1987	1999	G	https://www.hockey-reference.com/players/h/hextaro01.html
188	3007	Adin Hill	hillad01	2018	2020	G	https://www.hockey-reference.com/players/h/hillad01.html
189	3015	Jonas Hiller	hillejo01	2008	2016	G	https://www.hockey-reference.com/players/h/hillejo01.html
190	3030	Corey Hirsch	hirscco01	1993	2003	G	https://www.hockey-reference.com/players/h/hirscco01.html
191	3043	Milan Hnilicka	hnilimi01	2000	2004	G	https://www.hockey-reference.com/players/h/hnilimi01.html
192	3054	Kevin Hodson	hodsoke01	1996	2003	G	https://www.hockey-reference.com/players/h/hodsoke01.html
193	3063	Bruce Hoffort	hoffobr01	1990	1991	G	https://www.hockey-reference.com/players/h/hoffobr01.html
194	3067	Marcus Hogberg	hogbema01	2019	2020	G	https://www.hockey-reference.com/players/h/hogbema01.html
195	3098	Johan Holmqvist	holmqjo01	2001	2008	G	https://www.hockey-reference.com/players/h/holmqjo01.html
196	3105	Chris Holt	holtch01	2006	2009	G	https://www.hockey-reference.com/players/h/holtch01.html
197	3108	Braden Holtby	holtbbr01	2011	2020	G	https://www.hockey-reference.com/players/h/holtbbr01.html
198	3144	Martin Houle	houlema01	2007	2007	G	https://www.hockey-reference.com/players/h/houlema01.html
199	3149	Jimmy Howard	howarja02	2006	2020	G	https://www.hockey-reference.com/players/h/howarja02.html
200	3168	Jim Hrivnak	hrivnji01	1990	1994	G	https://www.hockey-reference.com/players/h/hrivnji01.html
201	3171	Kelly Hrudey	hrudeke01	1984	1998	G	https://www.hockey-reference.com/players/h/hrudeke01.html
202	3190	Cristobal Huet	huetcr01	2003	2010	G	https://www.hockey-reference.com/players/h/huetcr01.html
203	3223	Shawn Hunwick	hunwish01	2012	2012	G	https://www.hockey-reference.com/players/h/hunwish01.html
204	3228	Jani Hurme	hurmeja01	2000	2003	G	https://www.hockey-reference.com/players/h/hurmeja01.html
205	3237	Michael Hutchinson	hutchmi01	2014	2020	G	https://www.hockey-reference.com/players/h/hutchmi01.html
206	3242	Carter Hutton	huttoca01	2013	2020	G	https://www.hockey-reference.com/players/h/huttoca01.html
207	3258	Peter Ing	ingpe01	1990	1994	G	https://www.hockey-reference.com/players/i/ingpe01.html
208	3268	Arturs Irbe	irbear01	1992	2004	G	https://www.hockey-reference.com/players/i/irbear01.html
209	3275	Leland Irving	irvinle01	2012	2013	G	https://www.hockey-reference.com/players/i/irvinle01.html
210	3283	Pat Jablonski	jablopa01	1990	1998	G	https://www.hockey-reference.com/players/j/jablopa01.html
211	3309	Pauli Jaks	jakspa01	1995	1995	G	https://www.hockey-reference.com/players/j/jakspa01.html
212	3334	Tristan Jarry	jarrytr01	2017	2020	G	https://www.hockey-reference.com/players/j/jarrytr01.html
213	3382	Jonas Johansson	johanjo03	2020	2020	G	https://www.hockey-reference.com/players/j/johanjo03.html
214	3393	Brent Johnson	johnsbr02	1999	2012	G	https://www.hockey-reference.com/players/j/johnsbr02.html
215	3395	Chad Johnson	johnsch02	2010	2019	G	https://www.hockey-reference.com/players/j/johnsch02.html
216	3453	Martin Jones	jonesma02	2014	2020	G	https://www.hockey-reference.com/players/j/jonesma02.html
217	3470	Curtis Joseph	josepcu01	1990	2009	G	https://www.hockey-reference.com/players/j/josepcu01.html
218	3501	Kaapo Kahkonen	kahkoka01	2020	2020	G	https://www.hockey-reference.com/players/k/kahkoka01.html
219	3546	Henrik Karlsson	karlshe01	2011	2012	G	https://www.hockey-reference.com/players/k/karlshe01.html
220	3554	Jason Kasdorf	kasdoja01	2016	2016	G	https://www.hockey-reference.com/players/k/kasdoja01.html
221	3557	Kasimir Kaskisuo	kaskika01	2020	2020	G	https://www.hockey-reference.com/players/k/kaskika01.html
222	3583	Matt Keetley	keetlma01	2008	2008	G	https://www.hockey-reference.com/players/k/keetlma01.html
223	3636	Nikolai Khabibulin	khabini01	1995	2014	G	https://www.hockey-reference.com/players/k/khabini01.html
224	3644	Anton Khudobin	khudoan01	2010	2020	G	https://www.hockey-reference.com/players/k/khudoan01.html
225	3646	Trevor Kidd	kiddtr01	1992	2004	G	https://www.hockey-reference.com/players/k/kiddtr01.html
226	3663	Scott King	kingsc01	1991	1992	G	https://www.hockey-reference.com/players/k/kingsc01.html
227	3666	Keith Kinkaid	kinkake01	2013	2020	G	https://www.hockey-reference.com/players/k/kinkake01.html
228	3672	Miikka Kiprusoff	kiprumi01	2001	2013	G	https://www.hockey-reference.com/players/k/kiprumi01.html
229	3682	Matiss Kivlenieks	kivlema01	2020	2020	G	https://www.hockey-reference.com/players/k/kivlema01.html
230	3709	Connor Knapp	knappco01	2014	2014	G	https://www.hockey-reference.com/players/k/knappco01.html
231	3711	Rick Knickle	knickri01	1993	1994	G	https://www.hockey-reference.com/players/k/knickri01.html
232	3721	Dieter Kochan	kochadi01	2000	2003	G	https://www.hockey-reference.com/players/k/kochadi01.html
233	3738	Vitali Kolesnik	kolesvi01	2006	2006	G	https://www.hockey-reference.com/players/k/kolesvi01.html
234	3742	Olaf Kolzig	kolziol01	1990	2009	G	https://www.hockey-reference.com/players/k/kolziol01.html
235	3754	Evgeny Konstantinov	konstev01	2001	2003	G	https://www.hockey-reference.com/players/k/konstev01.html
236	3772	Joonas Korpisalo	korpijo01	2016	2020	G	https://www.hockey-reference.com/players/k/korpijo01.html
237	3775	Mikko Koskinen	koskimi01	2011	2020	G	https://www.hockey-reference.com/players/k/koskimi01.html
238	3800	Brent Krahn	krahnbr01	2009	2009	G	https://www.hockey-reference.com/players/k/krahnbr01.html
239	3840	Darcy Kuemper	kuempda01	2013	2020	G	https://www.hockey-reference.com/players/k/kuempda01.html
240	3861	Les Kuntar	kuntale01	1994	1994	G	https://www.hockey-reference.com/players/k/kuntale01.html
241	3897	Jason LaBarbera	labarja01	2001	2015	G	https://www.hockey-reference.com/players/l/labarja01.html
242	3900	Jean-Francois Labbe	labbeje01	2000	2003	G	https://www.hockey-reference.com/players/l/labbeje01.html
243	3907	Patrick Labrecque	labrepa01	1996	1996	G	https://www.hockey-reference.com/players/l/labrepa01.html
244	3913	Blaine Lacher	lachebl01	1995	1996	G	https://www.hockey-reference.com/players/l/lachebl01.html
245	3914	Eddie Lack	lacked01	2014	2018	G	https://www.hockey-reference.com/players/l/lacked01.html
246	3917	Dan LaCosta	lacosda01	2008	2009	G	https://www.hockey-reference.com/players/l/lacosda01.html
247	3936	Mark LaForest	laforma01	1986	1994	G	https://www.hockey-reference.com/players/l/laforma01.html
248	3945	Maxime Lagace	lagacma01	2018	2019	G	https://www.hockey-reference.com/players/l/lagacma01.html
249	3954	Simon Lajeunesse	lajeusi01	2002	2002	G	https://www.hockey-reference.com/players/l/lajeusi01.html
250	3959	Patrick Lalime	lalimpa01	1997	2011	G	https://www.hockey-reference.com/players/l/lalimpa01.html
251	3975	Marc Lamothe	lamotma01	2000	2004	G	https://www.hockey-reference.com/players/l/lamotma01.html
252	3995	Marek Langhamer	langhma01	2017	2018	G	https://www.hockey-reference.com/players/l/langhma01.html
253	3997	Scott Langkow	langksc01	1996	2000	G	https://www.hockey-reference.com/players/l/langksc01.html
254	4030	Michel Larocque	larocmi02	2001	2001	G	https://www.hockey-reference.com/players/l/larocmi02.html
255	4047	Jan Lasak	lasakja01	2002	2003	G	https://www.hockey-reference.com/players/l/lasakja01.html
256	4079	Nathan Lawson	lawsona01	2011	2014	G	https://www.hockey-reference.com/players/l/lawsona01.html
257	4102	Ray LeBlanc	leblara01	1992	1992	G	https://www.hockey-reference.com/players/l/leblara01.html
258	4109	Pascal Leclaire	leclapa01	2004	2011	G	https://www.hockey-reference.com/players/l/leclapa01.html
259	4133	Manny Legace	legacma01	1999	2010	G	https://www.hockey-reference.com/players/l/legacma01.html
260	4143	Robin Lehner	lehnero01	2011	2020	G	https://www.hockey-reference.com/players/l/lehnero01.html
261	4149	Kari Lehtonen	lehtoka01	2004	2018	G	https://www.hockey-reference.com/players/l/lehtoka01.html
262	4155	Michael Leighton	leighmi01	2003	2017	G	https://www.hockey-reference.com/players/l/leighmi01.html
263	4164	Reggie Lemelin	lemelre01	1979	1993	G	https://www.hockey-reference.com/players/l/lemelre01.html
264	4177	Mike Lenarduzzi	lenarmi01	1993	1994	G	https://www.hockey-reference.com/players/l/lenarmi01.html
265	4178	David LeNeveu	lenevda01	2006	2011	G	https://www.hockey-reference.com/players/l/lenevda01.html
266	4233	Nathan Lieuwen	lieuwna01	2014	2014	G	https://www.hockey-reference.com/players/l/lieuwna01.html
267	4241	Anders Lindback	lindban01	2011	2016	G	https://www.hockey-reference.com/players/l/lindban01.html
268	4253	Charlie Lindgren	lindgch01	2016	2020	G	https://www.hockey-reference.com/players/l/lindgch01.html
269	4280	Neil Little	littlne01	2002	2004	G	https://www.hockey-reference.com/players/l/littlne01.html
270	4281	David Littman	littmda01	1991	1993	G	https://www.hockey-reference.com/players/l/littmda01.html
271	4283	Mike Liut	liutmi01	1980	1992	G	https://www.hockey-reference.com/players/l/liutmi01.html
272	4312	Danny Lorenz	lorenda01	1991	1993	G	https://www.hockey-reference.com/players/l/lorenda01.html
273	4359	Henrik Lundqvist	lundqhe01	2006	2020	G	https://www.hockey-reference.com/players/l/lundqhe01.html
274	4366	Roberto Luongo	luongro01	2000	2019	G	https://www.hockey-reference.com/players/l/luongro01.html
275	4379	Alex Lyon	lyonal01	2018	2020	G	https://www.hockey-reference.com/players/l/lyonal01.html
276	4399	Joey MacDonald	macdojo01	2007	2014	G	https://www.hockey-reference.com/players/m/macdojo01.html
277	4418	Drew MacIntyre	macindr01	2008	2014	G	https://www.hockey-reference.com/players/m/macindr01.html
278	4461	Darrin Madeley	madelda01	1993	1995	G	https://www.hockey-reference.com/players/m/madelda01.html
279	4484	Andrey Makarov	makaran01	2015	2015	G	https://www.hockey-reference.com/players/m/makaran01.html
280	4492	Clint Malarchuk	malarcl01	1982	1992	G	https://www.hockey-reference.com/players/m/malarcl01.html
281	4524	George Maneluk	manelge01	1991	1991	G	https://www.hockey-reference.com/players/m/manelge01.html
282	4539	Peter Mannino	mannipe01	2009	2012	G	https://www.hockey-reference.com/players/m/mannipe01.html
283	4551	Norm Maracle	maracno01	1998	2002	G	https://www.hockey-reference.com/players/m/maracno01.html
284	4576	Jussi Markkanen	markkju01	2002	2007	G	https://www.hockey-reference.com/players/m/markkju01.html
285	4582	Jacob Markstrom	marksja02	2011	2020	G	https://www.hockey-reference.com/players/m/marksja02.html
286	4618	Spencer Martin	martisp01	2017	2017	G	https://www.hockey-reference.com/players/m/martisp01.html
287	4633	Bob Mason	masonbo01	1984	1991	G	https://www.hockey-reference.com/players/m/masonbo01.html
288	4635	Chris Mason	masonch02	1999	2013	G	https://www.hockey-reference.com/players/m/masonch02.html
289	4636	Steve Mason	masonst01	2009	2018	G	https://www.hockey-reference.com/players/m/masonst01.html
290	4677	Marek Mazanec	mazanma01	2014	2017	G	https://www.hockey-reference.com/players/m/mazanma01.html
291	4727	Thomas McCollum	mccolth01	2011	2015	G	https://www.hockey-reference.com/players/m/mccolth01.html
292	4772	Curtis McElhinney	mcelhcu01	2008	2020	G	https://www.hockey-reference.com/players/m/mcelhcu01.html
293	4806	Zane McIntyre	mcintza01	2017	2017	G	https://www.hockey-reference.com/players/m/mcintza01.html
294	4810	Ross McKay	mckayro01	1991	1991	G	https://www.hockey-reference.com/players/m/mckayro01.html
295	4819	Mike McKenna	mckenmi01	2009	2019	G	https://www.hockey-reference.com/players/m/mckenmi01.html
296	4830	Steve McKichan	mckicst01	1991	1991	G	https://www.hockey-reference.com/players/m/mckicst01.html
297	4843	Kirk McLean	mcleaki01	1986	2001	G	https://www.hockey-reference.com/players/m/mcleaki01.html
298	4850	Jamie McLennan	mclenja01	1994	2007	G	https://www.hockey-reference.com/players/m/mclenja01.html
299	4896	Rob McVicar	mcvicro01	2006	2006	G	https://www.hockey-reference.com/players/m/mcvicro01.html
300	4915	Roland Melanson	melanro01	1981	1992	G	https://www.hockey-reference.com/players/m/melanro01.html
301	4942	Elvis Merzlikins	merzlel01	2020	2020	G	https://www.hockey-reference.com/players/m/merzlel01.html
302	4963	Alfie Michaud	michaal01	2000	2000	G	https://www.hockey-reference.com/players/m/michaal01.html
303	4964	Olivier Michaud	michaol01	2002	2002	G	https://www.hockey-reference.com/players/m/michaol01.html
304	4996	Greg Millen	millegr01	1979	1992	G	https://www.hockey-reference.com/players/m/millegr01.html
305	5016	Ryan Miller	millery01	2003	2020	G	https://www.hockey-reference.com/players/m/millery01.html
306	5024	Mike Minard	minarmi01	2000	2000	G	https://www.hockey-reference.com/players/m/minarmi01.html
307	5032	Hunter Miska	miskahu01	2019	2019	G	https://www.hockey-reference.com/players/m/miskahu01.html
308	5079	Sam Montembeault	montesa01	2019	2020	G	https://www.hockey-reference.com/players/m/montesa01.html
309	5082	Al Montoya	montoal01	2009	2018	G	https://www.hockey-reference.com/players/m/montoal01.html
310	5083	Andy Moog	moogan01	1981	1998	G	https://www.hockey-reference.com/players/m/moogan01.html
311	5130	Mike Morrison	morrimi01	2006	2007	G	https://www.hockey-reference.com/players/m/morrimi01.html
312	5144	Tyler Moss	mossty01	1998	2003	G	https://www.hockey-reference.com/players/m/mossty01.html
313	5158	Petr Mrazek	mrazepe01	2013	2020	G	https://www.hockey-reference.com/players/m/mrazepe01.html
314	5177	Adam Munro	munroad01	2004	2006	G	https://www.hockey-reference.com/players/m/munroad01.html
315	5194	Mike Murphy	murphmi02	2012	2012	G	https://www.hockey-reference.com/players/m/murphmi02.html
316	5212	Matt Murray	murrama02	2016	2020	G	https://www.hockey-reference.com/players/m/murrama02.html
317	5226	Jason Muzzatti	muzzaja01	1994	1998	G	https://www.hockey-reference.com/players/m/muzzaja01.html
318	5233	Jarmo Myllys	myllyja01	1989	1992	G	https://www.hockey-reference.com/players/m/myllyja01.html
319	5234	Sergei Mylnikov	mylnise01	1990	1990	G	https://www.hockey-reference.com/players/m/mylnise01.html
320	5238	Evgeni Nabokov	nabokev01	2000	2015	G	https://www.hockey-reference.com/players/n/nabokev01.html
321	5259	Gregg Naumenko	naumegr01	2001	2001	G	https://www.hockey-reference.com/players/n/naumegr01.html
322	5267	Alex Nedeljkovic	nedelal01	2017	2020	G	https://www.hockey-reference.com/players/n/nedelal01.html
323	5296	Michal Neuvirth	neuvimi01	2009	2019	G	https://www.hockey-reference.com/players/n/neuvimi01.html
324	5324	Antti Niemi	niemian02	2009	2019	G	https://www.hockey-reference.com/players/n/niemian02.html
325	5334	Antero Niittymaki	niittan01	2004	2011	G	https://www.hockey-reference.com/players/n/niittan01.html
326	5342	Anders Nilsson	nilssan01	2012	2020	G	https://www.hockey-reference.com/players/n/nilssan01.html
327	5347	Cristopher Nilstorp	nihlsch01	2013	2014	G	https://www.hockey-reference.com/players/n/nihlsch01.html
328	5371	Mika Noronen	noronmi01	2001	2006	G	https://www.hockey-reference.com/players/n/noronmi01.html
329	5372	Fredrik Norrena	norrefr01	2007	2009	G	https://www.hockey-reference.com/players/n/norrefr01.html
330	5393	Pasi Nurminen	nurmipa01	2002	2004	G	https://www.hockey-reference.com/players/n/nurmipa01.html
331	5418	Connor	oconnma01	2016	2016	G	https://www.hockey-reference.com/players/o/oconnma01.html
332	5434	Neill	oneilmi01	1992	1997	G	https://www.hockey-reference.com/players/o/oneilmi01.html
333	5503	Joni Ortio	ortiojo01	2014	2016	G	https://www.hockey-reference.com/players/o/ortiojo01.html
334	5509	Chris Osgood	osgooch01	1994	2011	G	https://www.hockey-reference.com/players/o/osgooch01.html
335	5515	Maxime Ouellet	ouellma01	2001	2006	G	https://www.hockey-reference.com/players/o/ouellma01.html
336	5573	Rich Parent	parenri01	1998	2001	G	https://www.hockey-reference.com/players/p/parenri01.html
337	5595	Eddie Pasquale	pasqued01	2019	2019	G	https://www.hockey-reference.com/players/p/pasqued01.html
338	5596	Steve Passmore	passmst01	1999	2004	G	https://www.hockey-reference.com/players/p/passmst01.html
339	5617	Dimitri Patzold	patzodi01	2008	2008	G	https://www.hockey-reference.com/players/p/patzodi01.html
340	5622	Ondrej Pavelec	pavelon01	2008	2018	G	https://www.hockey-reference.com/players/p/pavelon01.html
341	5641	Alexander Pechurski	pechual01	2010	2010	G	https://www.hockey-reference.com/players/p/pechual01.html
342	5651	Pete Peeters	peetepe01	1979	1991	G	https://www.hockey-reference.com/players/p/peetepe01.html
343	5657	Jean-Marc Pelletier	pelleje01	1999	2004	G	https://www.hockey-reference.com/players/p/pelleje01.html
344	5704	Justin Peters	peterju01	2010	2017	G	https://www.hockey-reference.com/players/p/peterju01.html
345	5707	Calvin Petersen	peterca01	2019	2020	G	https://www.hockey-reference.com/players/p/peterca01.html
346	5746	Calvin Pickard	pickaca01	2015	2020	G	https://www.hockey-reference.com/players/p/pickaca01.html
347	5749	Timo Pielmeier	pielmti01	2011	2011	G	https://www.hockey-reference.com/players/p/pielmti01.html
348	5753	Frank Pietrangelo	pietrfr01	1988	1994	G	https://www.hockey-reference.com/players/p/pietrfr01.html
349	5821	Justin Pogge	poggeju01	2009	2009	G	https://www.hockey-reference.com/players/p/poggeju01.html
350	5845	Tomas Popperle	poppeto01	2007	2007	G	https://www.hockey-reference.com/players/p/poppeto01.html
351	5861	Felix Potvin	potvife01	1992	2004	G	https://www.hockey-reference.com/players/p/potvife01.html
352	5867	Kevin Poulin	poulike01	2011	2015	G	https://www.hockey-reference.com/players/p/poulike01.html
353	5890	Carey Price	priceca01	2008	2020	G	https://www.hockey-reference.com/players/p/priceca01.html
354	5896	Cayden Primeau	primeca01	2020	2020	G	https://www.hockey-reference.com/players/p/primeca01.html
355	5925	Martin Prusek	prusema01	2002	2006	G	https://www.hockey-reference.com/players/p/prusema01.html
356	5936	Daren Puppa	puppada01	1986	2000	G	https://www.hockey-reference.com/players/p/puppada01.html
357	5955	Jonathan Quick	quickjo01	2008	2020	G	https://www.hockey-reference.com/players/q/quickjo01.html
358	5967	Antti Raanta	raantan01	2014	2020	G	https://www.hockey-reference.com/players/r/raantan01.html
359	5969	Andre Racicot	racican01	1990	1994	G	https://www.hockey-reference.com/players/r/racican01.html
360	5970	Bruce Racine	racinbr01	1996	1996	G	https://www.hockey-reference.com/players/r/racinbr01.html
361	5990	Jamie Ram	ramja01	1996	1996	G	https://www.hockey-reference.com/players/r/ramja01.html
362	5994	Karri Ramo	ramoka01	2007	2016	G	https://www.hockey-reference.com/players/r/ramoka01.html
363	6002	Bill Ranford	ranfobi01	1986	2000	G	https://www.hockey-reference.com/players/r/ranfobi01.html
364	6009	Tuukka Rask	rasktu01	2008	2020	G	https://www.hockey-reference.com/players/r/rasktu01.html
365	6026	Andrew Raycroft	raycran01	2001	2012	G	https://www.hockey-reference.com/players/r/raycran01.html
366	6038	Daryl Reaugh	reaugda01	1985	1991	G	https://www.hockey-reference.com/players/r/reaugda01.html
367	6046	Pokey Reddick	reddipo01	1987	1994	G	https://www.hockey-reference.com/players/r/reddipo01.html
368	6059	Jeff Reese	reeseje01	1988	1999	G	https://www.hockey-reference.com/players/r/reeseje01.html
369	6082	James Reimer	reimeja01	2011	2020	G	https://www.hockey-reference.com/players/r/reimeja01.html
370	6105	Damian Rhodes	rhodeda01	1991	2002	G	https://www.hockey-reference.com/players/r/rhodeda01.html
371	6135	Mike Richter	richtmi01	1990	2003	G	https://www.hockey-reference.com/players/r/richtmi01.html
372	6140	Vincent Riendeau	riendvi01	1988	1995	G	https://www.hockey-reference.com/players/r/riendvi01.html
373	6150	Pekka Rinne	rinnepe01	2006	2020	G	https://www.hockey-reference.com/players/r/rinnepe01.html
374	6168	David Rittich	rittida01	2017	2020	G	https://www.hockey-reference.com/players/r/rittida01.html
375	6242	Dwayne Roloson	rolosdw01	1997	2012	G	https://www.hockey-reference.com/players/r/rolosdw01.html
376	6246	Roberto Romano	romanro01	1983	1994	G	https://www.hockey-reference.com/players/r/romanro01.html
377	6261	Mike Rosati	rosatmi01	1999	1999	G	https://www.hockey-reference.com/players/r/rosatmi01.html
378	6282	Dominic Roussel	roussdo01	1992	2001	G	https://www.hockey-reference.com/players/r/roussdo01.html
379	6296	Patrick Roy	roypa01	1985	2003	G	https://www.hockey-reference.com/players/r/roypa01.html
380	6307	Cody Rudkowsky	rudkoco01	2003	2003	G	https://www.hockey-reference.com/players/r/rudkoco01.html
381	6350	Jussi Rynnas	rynnaju01	2012	2015	G	https://www.hockey-reference.com/players/r/rynnaju01.html
382	6358	Dany Sabourin	sabouda01	2004	2009	G	https://www.hockey-reference.com/players/s/sabouda01.html
383	6368	Alexander Salak	salakal01	2010	2010	G	https://www.hockey-reference.com/players/s/salakal01.html
384	6376	Tommy Salo	saloto01	1995	2004	G	https://www.hockey-reference.com/players/s/saloto01.html
385	6384	Ilya Samsonov	samsoil01	2020	2020	G	https://www.hockey-reference.com/players/s/samsoil01.html
386	6402	Curtis Sanford	sanfocu01	2003	2012	G	https://www.hockey-reference.com/players/s/sanfocu01.html
387	6414	Geoff Sarjeant	sarjege01	1995	1996	G	https://www.hockey-reference.com/players/s/sarjege01.html
388	6417	Juuse Saros	sarosju01	2016	2020	G	https://www.hockey-reference.com/players/s/sarosju01.html
389	6422	Harri Sateri	saterha01	2018	2018	G	https://www.hockey-reference.com/players/s/saterha01.html
390	6433	Philippe Sauve	sauveph01	2004	2007	G	https://www.hockey-reference.com/players/s/sauveph01.html
391	6457	Nolan Schaefer	schaeno01	2006	2006	G	https://www.hockey-reference.com/players/s/schaeno01.html
392	6460	Paxton Schafer	schafpa01	1997	1997	G	https://www.hockey-reference.com/players/s/schafpa01.html
393	6490	Cory Schneider	schneco01	2009	2020	G	https://www.hockey-reference.com/players/s/schneco01.html
394	6511	Corey Schwab	schwaco01	1996	2004	G	https://www.hockey-reference.com/players/s/schwaco01.html
395	6513	Marek Schwarz	schwama01	2007	2009	G	https://www.hockey-reference.com/players/s/schwama01.html
396	6520	Ron Scott	scottro01	1984	1990	G	https://www.hockey-reference.com/players/s/scottro01.html
397	6521	Travis Scott	scotttr01	2001	2001	G	https://www.hockey-reference.com/players/s/scotttr01.html
398	6524	Ben Scrivens	scrivbe01	2012	2016	G	https://www.hockey-reference.com/players/s/scrivbe01.html
399	6565	Gilles Senn	senngi01	2020	2020	G	https://www.hockey-reference.com/players/s/senngi01.html
400	6603	Scott Sharples	sharpsc01	1992	1992	G	https://www.hockey-reference.com/players/s/sharpsc01.html
401	6633	Igor Shesterkin	shestig01	2020	2020	G	https://www.hockey-reference.com/players/s/shestig01.html
402	6638	Steve Shields	shielst01	1996	2006	G	https://www.hockey-reference.com/players/s/shielst01.html
403	6656	Mikhail Shtalenkov	shtalmi01	1994	2000	G	https://www.hockey-reference.com/players/s/shtalmi01.html
404	6660	Richard Shulmistra	shulmri01	1998	2000	G	https://www.hockey-reference.com/players/s/shulmri01.html
405	6663	Peter Sidorkiewicz	sidorpe01	1988	1998	G	https://www.hockey-reference.com/players/s/sidorpe01.html
406	6670	Jordan Sigalet	sigaljo01	2006	2006	G	https://www.hockey-reference.com/players/s/sigaljo01.html
407	6702	Kent Simpson	simpske01	2014	2014	G	https://www.hockey-reference.com/players/s/simpske01.html
408	6721	Mackenzie Skapski	skapsma01	2015	2015	G	https://www.hockey-reference.com/players/s/skapsma01.html
409	6741	Peter Skudra	skudrpe01	1998	2003	G	https://www.hockey-reference.com/players/s/skudrpe01.html
410	6804	Jeremy Smith	smithje02	2017	2017	G	https://www.hockey-reference.com/players/s/smithje02.html
411	6807	Mike Smith	smithmi01	2007	2020	G	https://www.hockey-reference.com/players/s/smithmi01.html
412	6849	Garth Snow	snowga01	1994	2006	G	https://www.hockey-reference.com/players/s/snowga01.html
413	6857	Tommy Soderstrom	soderto01	1993	1997	G	https://www.hockey-reference.com/players/s/soderto01.html
414	6874	Christian Soucy	soucych01	1994	1994	G	https://www.hockey-reference.com/players/s/soucych01.html
415	6879	Garret Sparks	sparkga01	2016	2020	G	https://www.hockey-reference.com/players/s/sparkga01.html
416	6909	Sam St. Laurent	stlausa01	1986	1990	G	https://www.hockey-reference.com/players/s/stlausa01.html
417	6927	Alex Stalock	staloal01	2011	2020	G	https://www.hockey-reference.com/players/s/staloal01.html
418	6930	Rastislav Stana	stanara01	2004	2004	G	https://www.hockey-reference.com/players/s/stanara01.html
419	6957	Robb Stauber	staubro01	1990	1995	G	https://www.hockey-reference.com/players/s/staubro01.html
420	6966	Greg Stefan	stefagr01	1982	1990	G	https://www.hockey-reference.com/players/s/stefagr01.html
421	6976	Tobias Stephan	stephto01	2008	2009	G	https://www.hockey-reference.com/players/s/stephto01.html
422	7025	Anthony Stolarz	stolaan01	2017	2020	G	https://www.hockey-reference.com/players/s/stolaan01.html
423	7035	Jamie Storr	storrja01	1995	2004	G	https://www.hockey-reference.com/players/s/storrja01.html
424	7072	Malcolm Subban	subbama01	2015	2020	G	https://www.hockey-reference.com/players/s/subbama01.html
425	7128	Niklas Svedberg	svedbni01	2014	2015	G	https://www.hockey-reference.com/players/s/svedbni01.html
426	7159	Rick Tabaracci	tabarri01	1989	2000	G	https://www.hockey-reference.com/players/t/tabarri01.html
427	7163	Kari Takko	takkoka01	1986	1991	G	https://www.hockey-reference.com/players/t/takkoka01.html
428	7166	Cam Talbot	talboca01	2014	2020	G	https://www.hockey-reference.com/players/t/talboca01.html
429	7170	Robbie Tallas	tallaro01	1996	2001	G	https://www.hockey-reference.com/players/t/tallaro01.html
430	7184	John Tanner	tannejo01	1990	1992	G	https://www.hockey-reference.com/players/t/tannejo01.html
431	7193	Iiro Tarkki	tarkkii01	2012	2012	G	https://www.hockey-reference.com/players/t/tarkkii01.html
432	7207	Daniel Taylor	tayloda02	2008	2018	G	https://www.hockey-reference.com/players/t/tayloda02.html
433	7219	Mikael Tellqvist	tellqmi01	2003	2009	G	https://www.hockey-reference.com/players/t/tellqmi01.html
434	7227	Chris Terreri	terrech01	1987	2001	G	https://www.hockey-reference.com/players/t/terrech01.html
435	7243	Jose Theodore	theodjo01	1996	2013	G	https://www.hockey-reference.com/players/t/theodjo01.html
436	7248	Jocelyn Thibault	thibajo01	1994	2008	G	https://www.hockey-reference.com/players/t/thibajo01.html
437	7250	Brad Thiessen	thiesbr01	2012	2012	G	https://www.hockey-reference.com/players/t/thiesbr01.html
438	7258	Tim Thomas	thomati01	2003	2014	G	https://www.hockey-reference.com/players/t/thomati01.html
439	7326	Hannu Toivonen	toivoha01	2006	2008	G	https://www.hockey-reference.com/players/t/toivoha01.html
440	7327	Dustin Tokarski	tokardu01	2010	2017	G	https://www.hockey-reference.com/players/t/tokardu01.html
441	7346	Mike Torchia	torchmi01	1995	1995	G	https://www.hockey-reference.com/players/t/torchmi01.html
442	7347	Josh Tordjman	tordjjo01	2009	2009	G	https://www.hockey-reference.com/players/t/tordjjo01.html
443	7352	Vesa Toskala	toskave01	2002	2010	G	https://www.hockey-reference.com/players/t/toskave01.html
444	7364	Andrei Trefilov	trefian01	1993	1999	G	https://www.hockey-reference.com/players/t/trefian01.html
445	7375	Niklas Treutle	treutni01	2016	2016	G	https://www.hockey-reference.com/players/t/treutni01.html
446	7404	Ron Tugnutt	tugnuro01	1988	2004	G	https://www.hockey-reference.com/players/t/tugnuro01.html
447	7407	Marty Turco	turcoma01	2001	2012	G	https://www.hockey-reference.com/players/t/turcoma01.html
448	7410	Roman Turek	turekro01	1997	2004	G	https://www.hockey-reference.com/players/t/turekro01.html
449	7440	Linus Ullmark	ullmali01	2016	2020	G	https://www.hockey-reference.com/players/u/ullmali01.html
450	7445	Matt Underhill	underma01	2004	2004	G	https://www.hockey-reference.com/players/u/underma01.html
451	7465	Steve Valiquette	valiqst01	2000	2010	G	https://www.hockey-reference.com/players/v/valiqst01.html
452	7481	John Vanbiesbrouck	vanbijo01	1982	2002	G	https://www.hockey-reference.com/players/v/vanbijo01.html
453	7489	Semyon Varlamov	varlasi01	2009	2020	G	https://www.hockey-reference.com/players/v/varlasi01.html
454	7495	Andrei Vasilevskiy	vasilan02	2015	2020	G	https://www.hockey-reference.com/players/v/vasilan02.html
455	7524	Mike Vernon	vernomi01	1983	2002	G	https://www.hockey-reference.com/players/v/vernomi01.html
456	7553	Mark Visentin	visenma01	2014	2014	G	https://www.hockey-reference.com/players/v/visenma01.html
457	7564	Tomas Vokoun	vokouto01	1997	2013	G	https://www.hockey-reference.com/players/v/vokouto01.html
458	7597	Jimmy Waite	waiteji01	1989	1999	G	https://www.hockey-reference.com/players/w/waiteji01.html
459	7598	Darcy Wakaluk	wakalda01	1989	1997	G	https://www.hockey-reference.com/players/w/wakalda01.html
460	7610	Michael Wall	wallmi01	2007	2007	G	https://www.hockey-reference.com/players/w/wallmi01.html
461	7627	Rick Wamsley	wamslri01	1981	1993	G	https://www.hockey-reference.com/players/w/wamslri01.html
462	7632	Cam Ward	wardca01	2006	2019	G	https://www.hockey-reference.com/players/w/wardca01.html
463	7679	Scott Wedgewood	wedgesc01	2016	2018	G	https://www.hockey-reference.com/players/w/wedgesc01.html
464	7682	Kevin Weekes	weekeke01	1998	2009	G	https://www.hockey-reference.com/players/w/weekeke01.html
465	7683	Steve Weeks	weeksst01	1981	1993	G	https://www.hockey-reference.com/players/w/weeksst01.html
466	7686	Tyler Weiman	weimaty01	2008	2008	G	https://www.hockey-reference.com/players/w/weimaty01.html
467	7708	Adam Werner	wernead01	2020	2020	G	https://www.hockey-reference.com/players/w/wernead01.html
468	7744	Kay Whitmore	whitmka01	1989	2002	G	https://www.hockey-reference.com/players/w/whitmka01.html
469	7759	Adam Wilcox	wilcoad01	2018	2018	G	https://www.hockey-reference.com/players/w/wilcoad01.html
470	7767	Derek Wilkinson	wilkide01	1996	1999	G	https://www.hockey-reference.com/players/w/wilkide01.html
471	7771	Roman Will	willro01	2016	2016	G	https://www.hockey-reference.com/players/w/willro01.html
472	7786	Jordan Willis	willijo01	1996	1996	G	https://www.hockey-reference.com/players/w/willijo01.html
473	7867	Ken Wregget	wreggke01	1984	2000	G	https://www.hockey-reference.com/players/w/wreggke01.html
474	7896	Matthew Yeats	yeatsma01	2004	2004	G	https://www.hockey-reference.com/players/y/yeatsma01.html
475	7900	Vitali Yeremeyev	yeremvi01	2001	2001	G	https://www.hockey-reference.com/players/y/yeremvi01.html
476	7904	Allen York	yorkal01	2012	2012	G	https://www.hockey-reference.com/players/y/yorkal01.html
477	7917	Wendell Young	youngwe01	1986	1995	G	https://www.hockey-reference.com/players/y/youngwe01.html
478	7923	Matt Zaba	zabama01	2010	2010	G	https://www.hockey-reference.com/players/z/zabama01.html
479	7941	Jeff Zatkoff	zatkoje01	2014	2017	G	https://www.hockey-reference.com/players/z/zatkoje01.html
480	7952	Rob Zepp	zeppro01	2015	2015	G	https://www.hockey-reference.com/players/z/zeppro01.html
